{
  "accuracy": 0.17536945812807883,
  "auc_macro": 0.4968910377107308
}