{
  "accuracy": 0.316256157635468,
  "auc_macro": 0.6495741863439688
}